layer,tokens,time_us
act_fn,1,5.35466
act_fn,2,5.696
act_fn,3,5.80266
act_fn,4,5.84466
act_fn,5,5.888
act_fn,6,5.888
act_fn,7,6.03734
act_fn,8,5.93134
act_fn,9,6.03666
act_fn,10,5.93
act_fn,11,5.97266
act_fn,12,5.97334
act_fn,13,6.144
act_fn,14,5.97266
act_fn,15,6.016
act_fn,16,5.974
act_fn,20,6.10066
act_fn,24,5.93066
act_fn,28,6.03734
act_fn,32,6.05934
act_fn,36,6.29334
act_fn,40,6.272
act_fn,44,6.29266
act_fn,48,6.742
act_fn,52,6.31466
act_fn,56,6.37866
act_fn,60,6.29334
act_fn,64,6.23
act_fn,80,6.29334
act_fn,96,6.33666
act_fn,112,6.57066
act_fn,128,6.71934
act_fn,144,6.934
act_fn,160,7.338
act_fn,176,7.63734
act_fn,192,11.4127
act_fn,208,12.6293
act_fn,224,12.7147
act_fn,240,12.7787
act_fn,256,12.694
act_fn,272,13.568
act_fn,288,13.8673
act_fn,304,14.2293
act_fn,320,14.5707
act_fn,336,14.8273
act_fn,352,15.6807
act_fn,368,16.256
act_fn,384,17.6
act_fn,400,16.8107
act_fn,416,17.7067
act_fn,432,18.3247
act_fn,448,18.688
act_fn,464,18.7533
act_fn,480,19.2
act_fn,496,19.4773
act_fn,512,19.7333
act_fn,528,23.5086
act_fn,544,24
act_fn,560,25.472
act_fn,576,27.1786
act_fn,592,27.0514
act_fn,608,28.3094
act_fn,624,29.76
act_fn,640,31.3386
act_fn,656,24.064
act_fn,672,24.8754
act_fn,688,24.8966
act_fn,704,25.3234
act_fn,720,25.642
act_fn,736,38.0366
act_fn,752,39.3174
act_fn,768,40.2134
act_fn,784,28.0954
act_fn,800,29.0354
act_fn,816,29.0986
act_fn,832,29.6746
act_fn,848,30.7834
act_fn,864,31.978
act_fn,880,32.3834
act_fn,896,33.728
act_fn,912,57.7286
act_fn,928,59.328
act_fn,944,61.6746
act_fn,960,64.042
act_fn,976,65.2586
act_fn,992,66.5174
act_fn,1008,67.456
act_fn,1024,69.334
act_fn,1040,67.7114
act_fn,1056,69.44
act_fn,1072,71.5726
act_fn,1088,74.176
act_fn,1104,75.818
act_fn,1120,78.122
act_fn,1136,80.128
act_fn,1152,82.6026
act_fn,1168,88.5754
act_fn,1184,89.3226
act_fn,1200,90.6454
act_fn,1216,93.056
act_fn,1232,93.5906
act_fn,1248,95.7874
act_fn,1264,97.3226
act_fn,1280,99.2426
act_fn,1296,103.403
act_fn,1312,105.685
act_fn,1328,107.648
act_fn,1344,109.973
act_fn,1360,110.741
act_fn,1376,111.787
act_fn,1392,113.877
act_fn,1408,115.67
act_fn,1424,117.568
act_fn,1440,118.315
act_fn,1456,119.317
act_fn,1472,121.899
act_fn,1488,124.735
act_fn,1504,125.354
act_fn,1520,128.085
act_fn,1536,129.109
act_fn,1552,131.563
act_fn,1568,133.248
act_fn,1584,134.421
act_fn,1600,136.45
act_fn,1616,137.792
act_fn,1632,140.864
act_fn,1648,140.309
act_fn,1664,142.998
act_fn,1680,144.576
act_fn,1696,145.813
act_fn,1712,148.523
act_fn,1728,149.119
act_fn,1744,151.402
act_fn,1760,153.899
act_fn,1776,156.757
act_fn,1792,156.309
act_fn,1808,162.517
act_fn,1824,163.413
act_fn,1840,167.274
act_fn,1856,166.635
act_fn,1872,168.47
act_fn,1888,169.707
act_fn,1904,170.582
act_fn,1920,174.443
act_fn,1936,176.3
act_fn,1952,179.755
act_fn,1968,181.952
act_fn,1984,182.614
act_fn,2000,183.168
act_fn,2016,186.155
act_fn,2032,187.137
act_fn,2048,188.715
down_proj,1,342.103
down_proj,2,322.475
down_proj,3,323.457
down_proj,4,322.051
down_proj,5,322.987
down_proj,6,324.437
down_proj,7,324.525
down_proj,8,324.481
down_proj,9,324.396
down_proj,10,324.055
down_proj,11,324.483
down_proj,12,324.692
down_proj,13,324.099
down_proj,14,324.991
down_proj,15,324.992
down_proj,16,326.527
down_proj,20,339.372
down_proj,24,339.499
down_proj,28,342.147
down_proj,32,339.157
down_proj,36,385.408
down_proj,40,382.976
down_proj,44,383.148
down_proj,48,376.663
down_proj,52,383.701
down_proj,56,385.453
down_proj,60,385.539
down_proj,64,387.028
down_proj,80,363.904
down_proj,96,370.647
down_proj,112,378.281
down_proj,128,377.941
down_proj,144,464.596
down_proj,160,466.648
down_proj,176,446.296
down_proj,192,453.288
down_proj,208,448.084
down_proj,224,458.28
down_proj,240,460.076
down_proj,256,465.408
down_proj,272,544.468
down_proj,288,545.492
down_proj,304,547.032
down_proj,320,550.184
down_proj,336,549.46
down_proj,352,551.212
down_proj,368,551.04
down_proj,384,554.324
down_proj,400,709.12
down_proj,416,711.464
down_proj,432,712.872
down_proj,448,714.068
down_proj,464,712.62
down_proj,480,717.484
down_proj,496,722.22
down_proj,512,721.708
down_proj,528,792.784
down_proj,544,793.004
down_proj,560,791.084
down_proj,576,793.132
down_proj,592,797.308
down_proj,608,799.064
down_proj,624,799.62
down_proj,640,801.068
down_proj,656,1022.08
down_proj,672,1020.76
down_proj,688,1020.03
down_proj,704,1021.61
down_proj,720,1022.33
down_proj,736,1019.14
down_proj,752,1019.69
down_proj,768,1023.66
down_proj,784,1062.36
down_proj,800,1062.1
down_proj,816,1056.77
down_proj,832,1058.43
down_proj,848,1066.11
down_proj,864,1064.49
down_proj,880,1062.31
down_proj,896,1070.08
down_proj,912,1265.49
down_proj,928,1267.28
down_proj,944,1269.5
down_proj,960,1269.63
down_proj,976,1266.43
down_proj,992,1266.18
down_proj,1008,1267.92
down_proj,1024,1270.4
down_proj,1040,1364.27
down_proj,1056,1366.96
down_proj,1072,1365.2
down_proj,1088,1366.96
down_proj,1104,1366.53
down_proj,1120,1370.79
down_proj,1136,1370.71
down_proj,1152,1373.27
down_proj,1168,1510.61
down_proj,1184,1509.76
down_proj,1200,1512.28
down_proj,1216,1513.43
down_proj,1232,1514.75
down_proj,1248,1525.04
down_proj,1264,1528.45
down_proj,1280,1518.98
down_proj,1296,1677.1
down_proj,1312,1681.54
down_proj,1328,1659.81
down_proj,1344,1656.45
down_proj,1360,1660.29
down_proj,1376,1660.37
down_proj,1392,1671.98
down_proj,1408,1664.56
down_proj,1424,1985.92
down_proj,1440,1977.13
down_proj,1456,1973.72
down_proj,1472,1979.1
down_proj,1488,1985.88
down_proj,1504,1987.62
down_proj,1520,1991.16
down_proj,1536,1990.35
down_proj,1552,1997.78
down_proj,1568,1995.4
down_proj,1584,1997.61
down_proj,1600,1994.67
down_proj,1616,1997.23
down_proj,1632,2014.51
down_proj,1648,2032.94
down_proj,1664,2037
down_proj,1680,2039.04
down_proj,1696,2044.38
down_proj,1712,2043.4
down_proj,1728,2047.4
down_proj,1744,2046.16
down_proj,1760,2047.75
down_proj,1776,2050.48
down_proj,1792,2053.59
down_proj,1808,2198.23
down_proj,1824,2201.01
down_proj,1840,2203.18
down_proj,1856,2203.18
down_proj,1872,2200.4
down_proj,1888,2204.03
down_proj,1904,2208.38
down_proj,1920,2209.16
down_proj,1936,2425.14
down_proj,1952,2424.79
down_proj,1968,2427.05
down_proj,1984,2436.82
down_proj,2000,2434.13
down_proj,2016,2432.04
down_proj,2032,2435.08
down_proj,2048,2434.86
embedding,1,6.29334
embedding,2,6.76266
embedding,3,7.21
embedding,4,7.61534
embedding,5,8.426
embedding,6,8.768
embedding,7,9.302
embedding,8,9.28
embedding,9,10.4107
embedding,10,10.7727
embedding,11,11.1787
embedding,12,11.7767
embedding,13,12.3513
embedding,14,12.8
embedding,15,13.376
embedding,16,13.312
embedding,20,5.95134
embedding,24,5.52534
embedding,28,6.03734
embedding,32,5.482
embedding,36,5.82334
embedding,40,5.546
embedding,44,5.88734
embedding,48,5.52534
embedding,52,5.84534
embedding,56,5.568
embedding,60,5.99466
embedding,64,5.738
embedding,80,5.90934
embedding,96,5.86666
embedding,112,6.01534
embedding,128,6.03734
embedding,144,6.848
embedding,160,6.954
embedding,176,7.14666
embedding,192,7.468
embedding,208,7.40266
embedding,224,7.424
embedding,240,7.36
embedding,256,7.35934
embedding,272,8.04266
embedding,288,8.17134
embedding,304,8.23466
embedding,320,8.192
embedding,336,8.29934
embedding,352,8.36266
embedding,368,8.384
embedding,384,8.49066
embedding,400,9.23734
embedding,416,9.194
embedding,432,9.32334
embedding,448,9.408
embedding,464,9.38666
embedding,480,9.492
embedding,496,9.55734
embedding,512,9.664
embedding,528,9.62066
embedding,544,9.9
embedding,560,9.83334
embedding,576,10.2393
embedding,592,10.3913
embedding,608,10.7753
embedding,624,10.368
embedding,640,10.666
embedding,656,10.602
embedding,672,10.7527
embedding,688,10.6673
embedding,704,10.71
embedding,720,10.9653
embedding,736,10.8787
embedding,752,10.88
embedding,768,11.0293
embedding,784,11.0727
embedding,800,11.1353
embedding,816,10.8793
embedding,832,10.8587
embedding,848,11.392
embedding,864,11.392
embedding,880,10.9873
embedding,896,11.4133
embedding,912,11.456
embedding,928,11.4987
embedding,944,11.648
embedding,960,11.6693
embedding,976,11.2213
embedding,992,11.2
embedding,1008,11.2447
embedding,1024,11.3707
embedding,1040,11.456
embedding,1056,11.584
embedding,1072,11.7327
embedding,1088,11.648
embedding,1104,11.9253
embedding,1120,11.84
embedding,1136,11.9673
embedding,1152,12.224
embedding,1168,12.1387
embedding,1184,12.182
embedding,1200,12.266
embedding,1216,12.3093
embedding,1232,12.4373
embedding,1248,13.0133
embedding,1264,13.0553
embedding,1280,12.608
embedding,1296,12.6293
embedding,1312,12.6293
embedding,1328,12.842
embedding,1344,13.226
embedding,1360,12.864
embedding,1376,13.0767
embedding,1392,13.654
embedding,1408,13.5467
embedding,1424,13.824
embedding,1440,13.3967
embedding,1456,13.2493
embedding,1472,13.5893
embedding,1488,13.4607
embedding,1504,13.7387
embedding,1520,13.7813
embedding,1536,13.5253
embedding,1552,13.696
embedding,1568,13.9327
embedding,1584,13.824
embedding,1600,13.8653
embedding,1616,13.9307
embedding,1632,14.6787
embedding,1648,14.082
embedding,1664,14.378
embedding,1680,14.2927
embedding,1696,14.5253
embedding,1712,14.3353
embedding,1728,14.5493
embedding,1744,14.4853
embedding,1760,14.5273
embedding,1776,14.678
embedding,1792,14.7207
embedding,1808,14.698
embedding,1824,14.8473
embedding,1840,14.87
embedding,1856,14.8467
embedding,1872,14.9113
embedding,1888,15.2113
embedding,1904,15.424
embedding,1920,15.446
embedding,1936,15.21
embedding,1952,15.4267
embedding,1968,15.4453
embedding,1984,15.614
embedding,2000,15.638
embedding,2016,15.5727
embedding,2032,16.022
embedding,2048,15.808
final_layernorm,1,4.84334
final_layernorm,2,5.03334
final_layernorm,3,5.07734
final_layernorm,4,5.07666
final_layernorm,5,5.056
final_layernorm,6,5.09866
final_layernorm,7,5.098
final_layernorm,8,5.14066
final_layernorm,9,5.12
final_layernorm,10,5.248
final_layernorm,11,5.09866
final_layernorm,12,5.16266
final_layernorm,13,5.12
final_layernorm,14,5.07734
final_layernorm,15,5.14134
final_layernorm,16,5.14134
final_layernorm,20,5.41866
final_layernorm,24,5.39666
final_layernorm,28,5.41866
final_layernorm,32,5.462
final_layernorm,36,5.46134
final_layernorm,40,5.54666
final_layernorm,44,5.61066
final_layernorm,48,5.52466
final_layernorm,52,5.46134
final_layernorm,56,5.52534
final_layernorm,60,5.60934
final_layernorm,64,5.61066
final_layernorm,80,5.69666
final_layernorm,96,6.46466
final_layernorm,112,6.93334
final_layernorm,128,6.4
final_layernorm,144,6.93334
final_layernorm,160,7.18934
final_layernorm,176,7.40334
final_layernorm,192,9.194
final_layernorm,208,9.72866
final_layernorm,224,9.792
final_layernorm,240,10.2393
final_layernorm,256,8.81134
final_layernorm,272,8.78934
final_layernorm,288,9.386
final_layernorm,304,9.664
final_layernorm,320,9.49334
final_layernorm,336,9.70666
final_layernorm,352,9.83466
final_layernorm,368,9.96266
final_layernorm,384,11.072
final_layernorm,400,10.986
final_layernorm,416,11.2
final_layernorm,432,11.3493
final_layernorm,448,11.3487
final_layernorm,464,11.648
final_layernorm,480,12.0113
final_layernorm,496,12.0527
final_layernorm,512,12.1813
final_layernorm,528,12.5013
final_layernorm,544,12.886
final_layernorm,560,13.4187
final_layernorm,576,13.5893
final_layernorm,592,13.824
final_layernorm,608,14.23
final_layernorm,624,14.486
final_layernorm,640,14.7413
final_layernorm,656,14.7413
final_layernorm,672,14.9127
final_layernorm,688,15.104
final_layernorm,704,15.318
final_layernorm,720,15.7433
final_layernorm,736,16.384
final_layernorm,752,16.3607
final_layernorm,768,16.128
final_layernorm,784,17.344
final_layernorm,800,17.6427
final_layernorm,816,17.5147
final_layernorm,832,17.472
final_layernorm,848,18.176
final_layernorm,864,18.3887
final_layernorm,880,18.5813
final_layernorm,896,19.0933
final_layernorm,912,19.136
final_layernorm,928,19.52
final_layernorm,944,19.8613
final_layernorm,960,20.6946
final_layernorm,976,20.416
final_layernorm,992,20.3734
final_layernorm,1008,20.5866
final_layernorm,1024,21.6106
final_layernorm,1040,21.0986
final_layernorm,1056,21.8234
final_layernorm,1072,21.9314
final_layernorm,1088,21.9094
final_layernorm,1104,22.6346
final_layernorm,1120,22.7846
final_layernorm,1136,26.09
final_layernorm,1152,26.7946
final_layernorm,1168,26.432
final_layernorm,1184,26.6454
final_layernorm,1200,27.3286
final_layernorm,1216,27.2646
final_layernorm,1232,27.2646
final_layernorm,1248,28.1394
final_layernorm,1264,28.5654
final_layernorm,1280,28.3306
final_layernorm,1296,28.6934
final_layernorm,1312,28.608
final_layernorm,1328,28.48
final_layernorm,1344,29.0346
final_layernorm,1360,28.9706
final_layernorm,1376,28.6286
final_layernorm,1392,28.9066
final_layernorm,1408,28.48
final_layernorm,1424,29.632
final_layernorm,1440,29.6114
final_layernorm,1456,29.9514
final_layernorm,1472,29.6114
final_layernorm,1488,30.6134
final_layernorm,1504,30.166
final_layernorm,1520,30.6346
final_layernorm,1536,29.888
final_layernorm,1552,30.4854
final_layernorm,1568,31.2946
final_layernorm,1584,30.4
final_layernorm,1600,30.5066
final_layernorm,1616,30.8266
final_layernorm,1632,31.4234
final_layernorm,1648,31.6586
final_layernorm,1664,31.808
final_layernorm,1680,31.7866
final_layernorm,1696,32.5974
final_layernorm,1712,32.3406
final_layernorm,1728,32.8534
final_layernorm,1744,32.5126
final_layernorm,1760,33.7706
final_layernorm,1776,33.3226
final_layernorm,1792,33.6214
final_layernorm,1808,34.3034
final_layernorm,1824,34.326
final_layernorm,1840,34.4314
final_layernorm,1856,34.3894
final_layernorm,1872,34.88
final_layernorm,1888,34.9434
final_layernorm,1904,35.6274
final_layernorm,1920,35.754
final_layernorm,1936,37.3546
final_layernorm,1952,37.2054
final_layernorm,1968,37.888
final_layernorm,1984,38.3574
final_layernorm,2000,37.93
final_layernorm,2016,38.3574
final_layernorm,2032,38.9766
final_layernorm,2048,39.1674
gate_up_proj,1,637.952
gate_up_proj,2,630.016
gate_up_proj,3,630.824
gate_up_proj,4,631.256
gate_up_proj,5,632.96
gate_up_proj,6,632.876
gate_up_proj,7,633.988
gate_up_proj,8,633.724
gate_up_proj,9,635.604
gate_up_proj,10,636.628
gate_up_proj,11,637.312
gate_up_proj,12,639.744
gate_up_proj,13,639.616
gate_up_proj,14,640.084
gate_up_proj,15,640.556
gate_up_proj,16,642.176
gate_up_proj,20,661.04
gate_up_proj,24,662.528
gate_up_proj,28,664.064
gate_up_proj,32,665.256
gate_up_proj,36,663.68
gate_up_proj,40,666.668
gate_up_proj,44,668.204
gate_up_proj,48,670.336
gate_up_proj,52,678.484
gate_up_proj,56,681.688
gate_up_proj,60,680.708
gate_up_proj,64,682.752
gate_up_proj,80,706.856
gate_up_proj,96,712.96
gate_up_proj,112,717.824
gate_up_proj,128,722.048
gate_up_proj,144,796.284
gate_up_proj,160,800.896
gate_up_proj,176,803.288
gate_up_proj,192,807.084
gate_up_proj,208,808.792
gate_up_proj,224,813.996
gate_up_proj,240,819.284
gate_up_proj,256,823.808
gate_up_proj,272,998.016
gate_up_proj,288,1001.94
gate_up_proj,304,1001.9
gate_up_proj,320,1004.37
gate_up_proj,336,999.252
gate_up_proj,352,1002.62
gate_up_proj,368,1005.95
gate_up_proj,384,1005.06
gate_up_proj,400,1284.82
gate_up_proj,416,1293.78
gate_up_proj,432,1297.28
gate_up_proj,448,1300.18
gate_up_proj,464,1304.66
gate_up_proj,480,1311.32
gate_up_proj,496,1314.94
gate_up_proj,512,1321.94
gate_up_proj,528,1459.88
gate_up_proj,544,1459.63
gate_up_proj,560,1463
gate_up_proj,576,1462.95
gate_up_proj,592,1469.48
gate_up_proj,608,1471.4
gate_up_proj,624,1470.3
gate_up_proj,640,1478.06
gate_up_proj,656,1923.03
gate_up_proj,672,1926.83
gate_up_proj,688,1936.08
gate_up_proj,704,1948.29
gate_up_proj,720,1951.79
gate_up_proj,736,1897.3
gate_up_proj,752,1899.01
gate_up_proj,768,1905.7
gate_up_proj,784,2261.42
gate_up_proj,800,2268.76
gate_up_proj,816,2260.35
gate_up_proj,832,2268.97
gate_up_proj,848,2289.79
gate_up_proj,864,2298.97
gate_up_proj,880,2290
gate_up_proj,896,2318.76
gate_up_proj,912,2346.58
gate_up_proj,928,2349.23
gate_up_proj,944,2349.78
gate_up_proj,960,2352.98
gate_up_proj,976,2339.5
gate_up_proj,992,2341.81
gate_up_proj,1008,2343.42
gate_up_proj,1024,2344.87
gate_up_proj,1040,2772.48
gate_up_proj,1056,2772.06
gate_up_proj,1072,2776.53
gate_up_proj,1088,2782
gate_up_proj,1104,2786.01
gate_up_proj,1120,2781.05
gate_up_proj,1136,2786.04
gate_up_proj,1152,2791.08
gate_up_proj,1168,2796.98
gate_up_proj,1184,2793.22
gate_up_proj,1200,2799.03
gate_up_proj,1216,2801.96
gate_up_proj,1232,2803.54
gate_up_proj,1248,2830
gate_up_proj,1264,2829.36
gate_up_proj,1280,2810.2
gate_up_proj,1296,3238.44
gate_up_proj,1312,3241.4
gate_up_proj,1328,3240.48
gate_up_proj,1344,3240.28
gate_up_proj,1360,3245.82
gate_up_proj,1376,3245.22
gate_up_proj,1392,3266.01
gate_up_proj,1408,3264.31
gate_up_proj,1424,3740.75
gate_up_proj,1440,3720.54
gate_up_proj,1456,3720.87
gate_up_proj,1472,3722.37
gate_up_proj,1488,3725.02
gate_up_proj,1504,3730.09
gate_up_proj,1520,3733.37
gate_up_proj,1536,3737.17
gate_up_proj,1552,3703.81
gate_up_proj,1568,3706.33
gate_up_proj,1584,3708.38
gate_up_proj,1600,3710.86
gate_up_proj,1616,3711.62
gate_up_proj,1632,3735.81
gate_up_proj,1648,3714.51
gate_up_proj,1664,3717.98
gate_up_proj,1680,4134.2
gate_up_proj,1696,4138.48
gate_up_proj,1712,4139.52
gate_up_proj,1728,4138.76
gate_up_proj,1744,4140.96
gate_up_proj,1760,4143.08
gate_up_proj,1776,4143.32
gate_up_proj,1792,4146.36
gate_up_proj,1808,4161.08
gate_up_proj,1824,4161.88
gate_up_proj,1840,4157.44
gate_up_proj,1856,4161.6
gate_up_proj,1872,4164
gate_up_proj,1888,4163.92
gate_up_proj,1904,4171.24
gate_up_proj,1920,4167.68
gate_up_proj,1936,4601.16
gate_up_proj,1952,4598.48
gate_up_proj,1968,4604.44
gate_up_proj,1984,4608.12
gate_up_proj,2000,4607.84
gate_up_proj,2016,4608.6
gate_up_proj,2032,4605.52
gate_up_proj,2048,4611.32
layernorm,1,4.832
layernorm,2,4.73634
layernorm,3,4.82134
layernorm,4,4.75666
layernorm,5,4.8
layernorm,6,4.74634
layernorm,7,4.84266
layernorm,8,4.85334
layernorm,9,4.82134
layernorm,10,4.832
layernorm,11,4.843
layernorm,12,4.87466
layernorm,13,4.84266
layernorm,14,4.896
layernorm,15,4.843
layernorm,16,4.86466
layernorm,20,4.95
layernorm,24,5.056
layernorm,28,4.94966
layernorm,32,4.99166
layernorm,36,5.01366
layernorm,40,5.02434
layernorm,44,5.109
layernorm,48,5.15234
layernorm,52,5.12
layernorm,56,5.099
layernorm,60,5.21566
layernorm,64,5.23766
layernorm,80,5.48334
layernorm,96,5.69566
layernorm,112,5.88766
layernorm,128,6.13434
layernorm,144,6.42166
layernorm,160,6.528
layernorm,176,6.816
layernorm,192,7.68
layernorm,208,7.88266
layernorm,224,7.83934
layernorm,240,7.86066
layernorm,256,7.57366
layernorm,272,7.87234
layernorm,288,7.733
layernorm,304,7.86134
layernorm,320,7.89334
layernorm,336,7.87166
layernorm,352,7.82966
layernorm,368,7.925
layernorm,384,8.16034
layernorm,400,8.10634
layernorm,416,8.25566
layernorm,432,8.21366
layernorm,448,8.267
layernorm,464,8.36234
layernorm,480,8.42634
layernorm,496,8.576
layernorm,512,8.61866
layernorm,528,8.704
layernorm,544,8.928
layernorm,560,9.024
layernorm,576,9.067
layernorm,592,9.35466
layernorm,608,9.35466
layernorm,624,9.43966
layernorm,640,9.51434
layernorm,656,9.51466
layernorm,672,9.55734
layernorm,688,9.718
layernorm,704,9.90966
layernorm,720,9.99466
layernorm,736,10.1333
layernorm,752,10.2507
layernorm,768,10.2713
layernorm,784,10.4323
layernorm,800,10.688
layernorm,816,10.1547
layernorm,832,10.3573
layernorm,848,11.0187
layernorm,864,10.88
layernorm,880,10.4537
layernorm,896,11.0827
layernorm,912,11.3387
layernorm,928,11.4987
layernorm,944,11.3497
layernorm,960,12.074
layernorm,976,11.648
layernorm,992,11.4133
layernorm,1008,11.872
layernorm,1024,12.2343
layernorm,1040,14.3467
layernorm,1056,14.72
layernorm,1072,15.136
layernorm,1088,15.1897
layernorm,1104,15.691
layernorm,1120,16.3947
layernorm,1136,17.3013
layernorm,1152,19.2327
layernorm,1168,19.7013
layernorm,1184,20.3306
layernorm,1200,21.1946
layernorm,1216,22.0586
layernorm,1232,22.496
layernorm,1248,23.4244
layernorm,1264,23.7974
layernorm,1280,24.0956
layernorm,1296,24.256
layernorm,1312,23.915
layernorm,1328,24.405
layernorm,1344,24.4274
layernorm,1360,24.9386
layernorm,1376,23.9894
layernorm,1392,25.0024
layernorm,1408,25.5254
layernorm,1424,22.9016
layernorm,1440,22.9974
layernorm,1456,22.8156
layernorm,1472,23.6374
layernorm,1488,23.585
layernorm,1504,23.9466
layernorm,1520,24.6076
layernorm,1536,24.6296
layernorm,1552,24.683
layernorm,1568,25.376
layernorm,1584,25.2586
layernorm,1600,26.23
layernorm,1616,25.6854
layernorm,1632,26.645
layernorm,1648,26.7624
layernorm,1664,26.4
layernorm,1680,26.592
layernorm,1696,27.296
layernorm,1712,27.0506
layernorm,1728,27.541
layernorm,1744,27.6156
layernorm,1760,27.3176
layernorm,1776,27.6264
layernorm,1792,28.1176
layernorm,1808,28.1064
layernorm,1824,28.5654
layernorm,1840,28.394
layernorm,1856,28.843
layernorm,1872,28.598
layernorm,1888,29.4936
layernorm,1904,29.3226
layernorm,1920,29.6206
layernorm,1936,29.6854
layernorm,1952,30.2726
layernorm,1968,30.4214
layernorm,1984,29.963
layernorm,2000,30.9116
layernorm,2016,31.1574
layernorm,2032,31.029
layernorm,2048,31.4136
o_proj,1,102.656
o_proj,2,111.404
o_proj,3,111.189
o_proj,4,103.169
o_proj,5,102.188
o_proj,6,102.1
o_proj,7,102.699
o_proj,8,102.269
o_proj,9,101.845
o_proj,10,102.443
o_proj,11,102.356
o_proj,12,101.588
o_proj,13,103.595
o_proj,14,101.801
o_proj,15,102.103
o_proj,16,102.313
o_proj,20,114.816
o_proj,24,113.453
o_proj,28,114.091
o_proj,32,114.176
o_proj,36,108.587
o_proj,40,112.213
o_proj,44,112.297
o_proj,48,113.068
o_proj,52,114.219
o_proj,56,114.431
o_proj,60,113.495
o_proj,64,113.705
o_proj,80,122.156
o_proj,96,125.953
o_proj,112,125.312
o_proj,128,126.037
o_proj,144,128.896
o_proj,160,129.664
o_proj,176,129.621
o_proj,192,130.816
o_proj,208,166.784
o_proj,224,167.339
o_proj,240,152.107
o_proj,256,151.852
o_proj,272,164.352
o_proj,288,164.268
o_proj,304,164.353
o_proj,320,165.161
o_proj,336,213.204
o_proj,352,214.353
o_proj,368,219.819
o_proj,384,220.885
o_proj,400,256.427
o_proj,416,253.397
o_proj,432,252.885
o_proj,448,257.237
o_proj,464,264.448
o_proj,480,266.069
o_proj,496,267.733
o_proj,512,269.228
o_proj,528,280.02
o_proj,544,281.004
o_proj,560,280.657
o_proj,576,279.723
o_proj,592,281.515
o_proj,608,281.391
o_proj,624,283.52
o_proj,640,282.752
o_proj,656,362.923
o_proj,672,364.46
o_proj,688,367.363
o_proj,704,367.104
o_proj,720,368.725
o_proj,736,370.475
o_proj,752,370.944
o_proj,768,370.6
o_proj,784,378.369
o_proj,800,379.477
o_proj,816,375.977
o_proj,832,376.619
o_proj,848,379.605
o_proj,864,379.564
o_proj,880,378.495
o_proj,896,381.056
o_proj,912,435.028
o_proj,928,435.668
o_proj,944,437.12
o_proj,960,438.612
o_proj,976,436.18
o_proj,992,438.656
o_proj,1008,438.572
o_proj,1024,440.192
o_proj,1040,484.18
o_proj,1056,485.248
o_proj,1072,485.848
o_proj,1088,483.2
o_proj,1104,482.948
o_proj,1120,484.736
o_proj,1136,482.816
o_proj,1152,482.132
o_proj,1168,482.18
o_proj,1184,480.512
o_proj,1200,482.476
o_proj,1216,480.596
o_proj,1232,479.572
o_proj,1248,485.376
o_proj,1264,484.78
o_proj,1280,481.964
o_proj,1296,488.872
o_proj,1312,489.816
o_proj,1328,488.108
o_proj,1344,488.792
o_proj,1360,489.684
o_proj,1376,488.064
o_proj,1392,490.24
o_proj,1408,493.868
o_proj,1424,687.104
o_proj,1440,684.076
o_proj,1456,687.788
o_proj,1472,686.424
o_proj,1488,686.164
o_proj,1504,687.572
o_proj,1520,690.344
o_proj,1536,691.112
o_proj,1552,694.016
o_proj,1568,694.272
o_proj,1584,695.808
o_proj,1600,697.176
o_proj,1616,697.044
o_proj,1632,703.108
o_proj,1648,697.344
o_proj,1664,698.372
o_proj,1680,711.808
o_proj,1696,711.636
o_proj,1712,711.168
o_proj,1728,713.812
o_proj,1744,713.812
o_proj,1760,716.032
o_proj,1776,713.56
o_proj,1792,717.1
o_proj,1808,726.572
o_proj,1824,724.228
o_proj,1840,728.192
o_proj,1856,725.716
o_proj,1872,724.908
o_proj,1888,720.896
o_proj,1904,727.724
o_proj,1920,723.884
o_proj,1936,769.752
o_proj,1952,773.42
o_proj,1968,770.22
o_proj,1984,773.632
o_proj,2000,771.752
o_proj,2016,773.204
o_proj,2032,774.652
o_proj,2048,772.78
qkv_proj,1,119.432
qkv_proj,2,128.889
qkv_proj,3,130.062
qkv_proj,4,119.324
qkv_proj,5,118.507
qkv_proj,6,118.754
qkv_proj,7,118.898
qkv_proj,8,119.503
qkv_proj,9,119.288
qkv_proj,10,120
qkv_proj,11,120.498
qkv_proj,12,120.889
qkv_proj,13,120.249
qkv_proj,14,119.751
qkv_proj,15,122.133
qkv_proj,16,124.088
qkv_proj,20,131.378
qkv_proj,24,130.88
qkv_proj,28,131.236
qkv_proj,32,131.022
qkv_proj,36,120.676
qkv_proj,40,119.644
qkv_proj,44,120.036
qkv_proj,48,119.218
qkv_proj,52,119.467
qkv_proj,56,120.427
qkv_proj,60,119.36
qkv_proj,64,119.467
qkv_proj,80,142.366
qkv_proj,96,142.293
qkv_proj,112,142.293
qkv_proj,128,143.253
qkv_proj,144,133.832
qkv_proj,160,132.836
qkv_proj,176,132.871
qkv_proj,192,132.941
qkv_proj,208,184.531
qkv_proj,224,184.424
qkv_proj,240,186.986
qkv_proj,256,187.626
qkv_proj,272,213.19
qkv_proj,288,214.258
qkv_proj,304,228.053
qkv_proj,320,228.942
qkv_proj,336,230.72
qkv_proj,352,230.507
qkv_proj,368,230.612
qkv_proj,384,231.216
qkv_proj,400,300.051
qkv_proj,416,302.508
qkv_proj,432,303.003
qkv_proj,448,302.97
qkv_proj,464,305.778
qkv_proj,480,306.88
qkv_proj,496,307.342
qkv_proj,512,309.333
qkv_proj,528,326.788
qkv_proj,544,327.041
qkv_proj,560,326.932
qkv_proj,576,328.249
qkv_proj,592,327.466
qkv_proj,608,327.999
qkv_proj,624,329.6
qkv_proj,640,328.852
qkv_proj,656,399.96
qkv_proj,672,400.533
qkv_proj,688,401.35
qkv_proj,704,400.78
qkv_proj,720,401.78
qkv_proj,736,402.31
qkv_proj,752,402.133
qkv_proj,768,403.02
qkv_proj,784,411.273
qkv_proj,800,411.767
qkv_proj,816,409.42
qkv_proj,832,410.063
qkv_proj,848,412.693
qkv_proj,864,412.8
qkv_proj,880,410.88
qkv_proj,896,412.693
qkv_proj,912,571.093
qkv_proj,928,572.693
qkv_proj,944,574.687
qkv_proj,960,576.57
qkv_proj,976,573.69
qkv_proj,992,575.36
qkv_proj,1008,575.893
qkv_proj,1024,578.347
qkv_proj,1040,581.51
qkv_proj,1056,582.117
qkv_proj,1072,583.253
qkv_proj,1088,584.177
qkv_proj,1104,584.57
qkv_proj,1120,585.103
qkv_proj,1136,586.597
qkv_proj,1152,587.663
qkv_proj,1168,600.677
qkv_proj,1184,599.93
qkv_proj,1200,601.387
qkv_proj,1216,600.677
qkv_proj,1232,601.957
qkv_proj,1248,607.003
qkv_proj,1264,607.04
qkv_proj,1280,603.093
qkv_proj,1296,725.727
qkv_proj,1312,726.65
qkv_proj,1328,726.823
qkv_proj,1344,728.037
qkv_proj,1360,728.533
qkv_proj,1376,727.467
qkv_proj,1392,734.58
qkv_proj,1408,732.52
qkv_proj,1424,736.037
qkv_proj,1440,731.913
qkv_proj,1456,735.007
qkv_proj,1472,735.643
qkv_proj,1488,736.427
qkv_proj,1504,738.63
qkv_proj,1520,737.137
qkv_proj,1536,737.317
qkv_proj,1552,745.85
qkv_proj,1568,746.777
qkv_proj,1584,746.703
qkv_proj,1600,747.237
qkv_proj,1616,747.307
qkv_proj,1632,753.14
qkv_proj,1648,746.383
qkv_proj,1664,749.083
qkv_proj,1680,788.767
qkv_proj,1696,789.087
qkv_proj,1712,790.15
qkv_proj,1728,789.227
qkv_proj,1744,790.757
qkv_proj,1760,790.58
qkv_proj,1776,791.607
qkv_proj,1792,791.997
qkv_proj,1808,804.41
qkv_proj,1824,800.25
qkv_proj,1840,800.853
qkv_proj,1856,800.677
qkv_proj,1872,802.42
qkv_proj,1888,801.067
qkv_proj,1904,803.557
qkv_proj,1920,802.563
qkv_proj,1936,1006.4
qkv_proj,1952,1006.29
qkv_proj,1968,1006.29
qkv_proj,1984,1008.71
qkv_proj,2000,1009.74
qkv_proj,2016,1009.17
qkv_proj,2032,1009.14
qkv_proj,2048,1009.88
rotary_emb,1,4.8762
rotary_emb,2,4.76159
rotary_emb,3,4.9536
rotary_emb,4,4.97281
rotary_emb,5,4.9338
rotary_emb,6,4.95239
rotary_emb,7,4.97281
rotary_emb,8,5.1066
rotary_emb,9,5.03041
rotary_emb,10,5.031
rotary_emb,11,5.10719
rotary_emb,12,5.06821
rotary_emb,13,5.08801
rotary_emb,14,5.02979
rotary_emb,15,5.01179
rotary_emb,16,5.031
rotary_emb,20,5.16479
rotary_emb,24,5.10719
rotary_emb,28,5.14561
rotary_emb,32,5.20321
rotary_emb,36,5.16541
rotary_emb,40,5.08801
rotary_emb,44,5.1066
rotary_emb,48,5.10719
rotary_emb,52,5.2416
rotary_emb,56,5.18341
rotary_emb,60,5.26081
rotary_emb,64,5.18459
rotary_emb,80,5.1264
rotary_emb,96,5.22239
rotary_emb,112,5.20259
rotary_emb,128,5.14561
rotary_emb,144,5.6646
rotary_emb,160,5.56799
rotary_emb,176,5.77921
rotary_emb,192,6.16379
rotary_emb,208,6.354
rotary_emb,224,6.4134
rotary_emb,240,6.52801
rotary_emb,256,6.35521
rotary_emb,272,6.33541
rotary_emb,288,6.3936
rotary_emb,304,6.31679
rotary_emb,320,6.3936
rotary_emb,336,6.3558
rotary_emb,352,6.37439
rotary_emb,368,6.48959
rotary_emb,384,7.48859
rotary_emb,400,7.3728
rotary_emb,416,7.41119
rotary_emb,432,7.3926
rotary_emb,448,7.58399
rotary_emb,464,7.4304
rotary_emb,480,7.50721
rotary_emb,496,7.6032
rotary_emb,512,7.52639
rotary_emb,528,7.7184
rotary_emb,544,7.8714
rotary_emb,560,7.81501
rotary_emb,576,10.08
rotary_emb,592,10.1184
rotary_emb,608,10.3104
rotary_emb,624,10.5216
rotary_emb,640,10.4058
rotary_emb,656,10.2918
rotary_emb,672,10.4454
rotary_emb,688,10.656
rotary_emb,704,10.6368
rotary_emb,720,10.7718
rotary_emb,736,11.1558
rotary_emb,752,11.2128
rotary_emb,768,11.232
rotary_emb,784,11.5968
rotary_emb,800,11.5596
rotary_emb,816,11.463
rotary_emb,832,11.6736
rotary_emb,848,11.6922
rotary_emb,864,11.865
rotary_emb,880,11.6346
rotary_emb,896,12.0384
rotary_emb,912,11.5584
rotary_emb,928,11.6928
rotary_emb,944,12.4224
rotary_emb,960,12.5958
rotary_emb,976,12.3834
rotary_emb,992,12.5184
rotary_emb,1008,12.6144
rotary_emb,1024,12.672
rotary_emb,1040,12.5568
rotary_emb,1056,12.6528
rotary_emb,1072,12.7302
rotary_emb,1088,12.807
rotary_emb,1104,12.7872
rotary_emb,1120,12.768
rotary_emb,1136,13.9392
rotary_emb,1152,14.2848
rotary_emb,1168,14.304
rotary_emb,1184,14.5914
rotary_emb,1200,14.6112
rotary_emb,1216,14.6502
rotary_emb,1232,14.9184
rotary_emb,1248,15.1104
rotary_emb,1264,15.1482
rotary_emb,1280,14.976
rotary_emb,1296,14.784
rotary_emb,1312,14.9952
rotary_emb,1328,15.552
rotary_emb,1344,15.7248
rotary_emb,1360,15.8592
rotary_emb,1376,15.936
rotary_emb,1392,16.1856
rotary_emb,1408,16.1472
rotary_emb,1424,16.608
rotary_emb,1440,16.2822
rotary_emb,1456,16.2618
rotary_emb,1472,16.3776
rotary_emb,1488,16.3008
rotary_emb,1504,16.4544
rotary_emb,1520,17.1072
rotary_emb,1536,17.5098
rotary_emb,1552,17.6256
rotary_emb,1568,17.7024
rotary_emb,1584,17.7408
rotary_emb,1600,17.8938
rotary_emb,1616,17.8758
rotary_emb,1632,18.3163
rotary_emb,1648,18.0671
rotary_emb,1664,18.1633
rotary_emb,1680,18.5279
rotary_emb,1696,19.1039
rotary_emb,1712,19.3343
rotary_emb,1728,19.449
rotary_emb,1744,19.5449
rotary_emb,1760,19.6231
rotary_emb,1776,19.7951
rotary_emb,1792,19.8535
rotary_emb,1808,20.1595
rotary_emb,1824,20.2369
rotary_emb,1840,20.5434
rotary_emb,1856,20.4287
rotary_emb,1872,20.6982
rotary_emb,1888,21.0623
rotary_emb,1904,21.1585
rotary_emb,1920,21.2737
rotary_emb,1936,21.0425
rotary_emb,1952,21.1392
rotary_emb,1968,21.1775
rotary_emb,1984,21.447
rotary_emb,2000,21.2161
rotary_emb,2016,21.4663
rotary_emb,2032,21.5424
rotary_emb,2048,21.6193
